{
    "00 height": 540,
    "00 sample": 10,
    "00 width": 960,
    "01 camera": {
        "fov": 60.0,
        "origin": [
            0.0,
            0.0,
            0.0
        ],
        "target": [
            0.0,
            0.0,
            1.0
        ],
        "upVec": [
            0.0,
            1.0,
            0.0
        ]
    },
    "02 scene": {
        "00 object": [
            {
                "00 position": [
                    0.0,
                    0.0,
                    10.0
                ],
                "01 size": 1.0,
                "02 material": {
                    "color": [
                        1.0,
                        0.20000000298023224,
                        0.20000000298023224
                    ],
                    "emission": [
                        0.0,
                        0.0,
                        0.0
                    ],
                    "kd": 0.800000011920929
                }
            },
            {
                "00 position": [
                    0.0,
                    11.0,
                    10.0
                ],
                "01 size": 10.0,
                "02 material": {
                    "color": [
                        1.0,
                        1.0,
                        1.0
                    ],
                    "emission": [
                        1.0,
                        1.0,
                        1.0
                    ],
                    "kd": 1.0
                }
            },
            {
                "00 position": [
                    100004.0,
                    0.0,
                    0.0
                ],
                "01 size": 99999.0,
                "02 material": {
                    "color": [
                        1.0,
                        0.5,
                        0.5
                    ],
                    "emission": [
                        0.0,
                        0.0,
                        0.0
                    ],
                    "kd": 0.800000011920929
                }
            },
            {
                "00 position": [
                    -100004.0,
                    0.0,
                    0.0
                ],
                "01 size": 99999.0,
                "02 material": {
                    "color": [
                        0.5,
                        1.0,
                        0.5
                    ],
                    "emission": [
                        0.0,
                        0.0,
                        0.0
                    ],
                    "kd": 0.800000011920929
                }
            },
            {
                "00 position": [
                    0.0,
                    100004.0,
                    0.0
                ],
                "01 size": 99999.0,
                "02 material": {
                    "color": [
                        0.5,
                        0.5,
                        1.0
                    ],
                    "emission": [
                        0.0,
                        0.0,
                        0.0
                    ],
                    "kd": 0.800000011920929
                }
            },
            {
                "00 position": [
                    0.0,
                    -100004.0,
                    0.0
                ],
                "01 size": 99999.0,
                "02 material": {
                    "color": [
                        0.5,
                        1.0,
                        1.0
                    ],
                    "emission": [
                        0.0,
                        0.0,
                        0.0
                    ],
                    "kd": 0.800000011920929
                }
            },
            {
                "00 position": [
                    0.0,
                    0.0,
                    100004.0
                ],
                "01 size": 99999.0,
                "02 material": {
                    "color": [
                        1.0,
                        0.5,
                        1.0
                    ],
                    "emission": [
                        0.0,
                        0.0,
                        0.0
                    ],
                    "kd": 0.800000011920929
                }
            },
            {
                "00 position": [
                    0.0,
                    0.0,
                    -100004.0
                ],
                "01 size": 99999.0,
                "02 material": {
                    "color": [
                        1.0,
                        1.0,
                        0.5
                    ],
                    "emission": [
                        0.0,
                        0.0,
                        0.0
                    ],
                    "kd": 0.800000011920929
                }
            }
        ]
    }
}